first_name,last_name
Debbi,Speakman
Selena,Roseman
Maxy,Goodsir
Kermit,Latchford
Shirl,Rollins
Doy,Lauks
Celia,Loy
Rodrick,Orviss
Matthew,Witheford
Reynold,Head
Jory,Fido
Retha,Ugoni
Bron,Cuningham
Libby,Geharke
Brennan,Gorusso
Von,Pedlow
Tammara,Bendixen
Andre,Pretti
Ewart,Finnigan
Claiborn,Cottel
Joan,Botterell
Sigismondo,Mantle
Dorotea,Jedras
Quinn,Cheine
Livy,Stopp
Chance,Furmston
Lynne,Jerrom
Trevor,Rosoman
Thia,Hess
Tait,Bassett
Griffin,Pendreigh
Farra,Tinniswood
Erie,Rhoades
Joella,Florey
Sherilyn,Itzcovich
Sonny,Prest
Katalin,Hitchens
Nevins,Sperry
Tina,Braferton
Feliks,McNellis
Nerissa,Shurmer
Filip,Anyene
Cecilla,Hamner
Katharyn,Worlock
Carmen,Reef
Analiese,Lumley
Giustino,Arrighi
Jamison,Elvidge
Torrie,Broggelli
Constantin,Syrad
Wendel,Goring
Tove,Boller
Lorene,Farress
Gweneth,Jallin
Dore,Scrange
Tani,Blanden
Heidi,Furnival
Reynard,Jessett
Biddy,Gamwell
Gladi,Trousdell
Nickie,Pering
Sibeal,Jedraszek
Augustina,Tomkies
Milo,Madgwick
Stewart,Mellody
Trever,Toth
Maggi,Tuther
Lani,Elman
Cyb,Handyside
Aubry,Wainscot
Julina,Wallage
Josias,Prue
Irita,Golly
Wyatt,Naismith
Flory,Breissan
Dael,Abad
Eloisa,Banaszczyk
Bruce,Rolfs
Noell,Blenkharn
Tanny,Lansley
Orly,Le Brom
Conrade,Alwin
Raddie,Shalloo
Hailee,Rulf
Luisa,Casse
Frannie,Loweth
Khalil,Behan
Cointon,Kubica
Vachel,Spataro
Kiel,Semered
Valery,Paszak
Marsiella,Chander
Vinson,Sambidge
Richmound,Demeter
Audi,Capeling
Beverlie,Tilmouth
Hesther,Hlavecek
Brewster,Cacacie
Burg,Whitington
Haze,Hawthorn
Charil,Southers
Sigmund,Pahl
Ainslee,Arrigucci
Terry,Nipper
Court,Showte
Reginauld,Angric
Skip,Jakes
Trina,Chetham
Lynnell,Storror
Ewart,Yelland
Klarika,Speechley
Jacquelynn,Cruickshanks
Basia,Semeradova
Belvia,Call
Inigo,Brunon
Uriel,Elldred
Nev,Batchellor
Corey,Quilty
Lolly,Grinnov
Carley,Kollasch
Alida,Mattusov
Leoline,Tomala
Sayre,Gavey
Torre,Chestnutt
Chrysler,Bartolijn
Mahala,Cadreman
Mallory,Balshen
Milka,Mariolle
Helena,Lernihan
Wyn,Lyon
Evelyn,Moralee
Rikki,Kirtlan
Darlene,Chastenet
Kathleen,Larking
Lin,Kornyakov
Terrie,Coviello
Albina,McDonough
Wendell,Pendrey
Timmy,Abramowitch
Reuven,Petrollo
Jenn,Gallego
Moll,Lomax
Jinny,Cassells
Vaughan,Zecchinelli
Claiborn,Procter
Kore,Parmiter
Shaun,Maccaig
Bev,Garment
Friederike,Lobbe
Wendel,Demann
Amelia,Schuster
Garreth,Baack
Rollins,Flemyng
Ximenez,Grieger
Stavros,Dymond
Edee,Muscott
Raymund,Crambie
Maddie,Cove
Fonz,Zavittieri
Ahmad,Ladson
Geoffrey,Ledbury
Nolie,McHenry
Frederick,Stains
Rosy,Tuddall
Hally,Paulack
Gustavus,Brydon
Ervin,Trebilcock
Artemas,Dobbin
Aindrea,Manthroppe
Lonnie,Stabbins
Maridel,Sorey
Sabine,Lindermann
Renard,Decruse
Marguerite,Grigor
Galvin,Crasswell
Hunt,Stealfox
Levin,Vondrak
Donetta,Baish
Ernst,Schutter
Steffi,Hadingham
Haywood,Pankethman
Marcille,Pinder
Elbertina,Tiffany
Pryce,Dodimead
Washington,MacBey
Buckie,Goneau
Sayre,Butterwick
Ty,Gantzer
Hedy,McCardle
Barris,Windmill
Maryjane,Huster
Petr,Martinello
Bartel,Trehearne
Johann,Jasper
Debbi,Delamere
Lou,Angood
Emili,Pochon
Orlando,Darker
Stuart,Callen
Modesta,Stothart
Krissy,Ranger
Celine,Pegden
Lissa,Holgan
Arleta,Fewlass
Patric,Hargraves
Carlye,Keilloh
Godfree,Halfhyde
Rhett,Harrowell
Hollis,Tschersich
Reginald,Habens
Waldo,Dain
Dion,Frantzen
Cross,Leverich
Broddie,Elson
Jasmina,Cafferty
Doralin,Phoebe
Abbott,Rene
Karlotte,Meacher
Sigfrid,Vaugham
Artus,Duckers
Shannan,Tungate
Kiele,Choffin
Arlette,Petz
Orlando,Collin
Nickola,Prangley
Lebbie,Scoterbosh
Esdras,Finding
Wendel,Tomkin
Devin,Spaven
Kristofer,Schukert
Ketti,Faivre
Ernestine,Aspinall
Vicky,Lobe
Clifford,Meredyth
Doralia,Kaygill
Jarrett,Chicken
Querida,Swalwel
Georgia,Bettridge
Blakelee,Sandcroft
Morly,Ballach
Lemmie,McKall
Archie,Stobbart
Ardenia,Hauck
Karon,Probbing
Romola,Krimmer
Sully,Dainter
Justine,Kryszka
North,Kulicke
Chadwick,Clemenzi
Lishe,Dunleavy
Sidonnie,Spadazzi
Corabella,Emlin
Ashia,Mattheissen
Clive,Dickey
Libbey,Baudone
Lindsey,Zanni
Ellie,Magor
Celinka,Doxsey
Lilah,Moryson
Barr,Ghio
Beret,Ducker
Tammara,Dincey
Howard,Celle
Candi,Downton
Gran,Jeandel
Tiffany,Semered
Jonah,Terrans
Alyse,Callard
Carmine,Pitford
Liam,Ixor
Ezra,Elliff
Tanner,Bulle
Sharline,Balam
Blake,Rainbow
Erina,Inworth
Caresa,Douris
Kippy,Brumby
Guendolen,Raitie
Rodi,Ridout
Nariko,Chauvey
Geoffrey,Naul
Minda,Murname
Winny,Gooly
Cassie,Conant
Curtis,Caras
Martelle,Earwicker
Denna,O'Looney
Gabriella,Dilon
Robby,Komorowski
Yasmin,Mitchiner
Osmond,Spaven
Gibby,Piers
Lottie,Strachan
Emlynne,Peyes
Christabella,Cardnell
Vallie,Lehemann
Marybelle,Hanselmann
Edgardo,Ridulfo
Al,Schule
Nilson,Malmar
